<?xml version="1.0" encoding="utf-8"?>
<odoo>
    <data>
        <record model="ir.rule" id="student_marksheet_rule">
            <field name="name">Student Marksheet</field>
            <field name="model_id" ref="model_op_marksheet_line"/>
            <field name="groups"
                   eval="[(4, ref('openeducat_core.group_op_student'))]"/>
            <field name="domain_force">['|', ('student_id.user_id','=',user.id), ('student_id.user_id','in',user.child_ids.ids)]</field>
        </record>

        <record model="ir.rule" id="admin_marksheet_rule">
            <field name="name">Admin Marksheet</field>
            <field name="model_id" ref="model_op_marksheet_line"/>
            <field name="groups"
                   eval="[(4, ref('openeducat_core.group_op_back_office'))]"/>
            <field name="domain_force">[(1,"=",1)]</field>
        </record>

        <record model="ir.rule" id="student_result_rule">
            <field name="name">Student Result Line</field>
            <field name="model_id" ref="model_op_result_line"/>
            <field name="groups"
                   eval="[(4, ref('openeducat_core.group_op_student'))]"/>
            <field name="domain_force">['|', ('student_id.user_id','=',user.id), ('student_id.user_id','in',user.child_ids.ids)]</field>
        </record>

        <record model="ir.rule" id="admin_result_rule">
            <field name="name">Admin Result Line</field>
            <field name="model_id" ref="model_op_result_line"/>
            <field name="groups"
                   eval="[(4, ref('openeducat_core.group_op_back_office'))]"/>
            <field name="domain_force">[(1,'=',1)]</field>
        </record>
    </data>
</odoo>
