id,name,model_id:id,group_id:id,perm_read,perm_write,perm_create,perm_unlink
access_op_attendance_register_faculty,op_attendance_register_faculty,model_op_attendance_register,openeducat_core.group_op_faculty,1,0,0,0
access_op_attendance_register_back_office,op_attendance_register_back_office,model_op_attendance_register,openeducat_core.group_op_back_office,1,1,1,1
access_op_attendance_sheet_faculty,op_attendance_sheet_faculty,model_op_attendance_sheet,openeducat_core.group_op_faculty,1,1,1,1
access_op_attendance_line_faculty,op_attendance_line_faculty,model_op_attendance_line,openeducat_core.group_op_faculty,1,1,1,1
access_op_attendance_line_student,op_attendance_line_student,model_op_attendance_line,openeducat_core.group_op_student,1,0,0,0
access_op_attendance_register_student,op_attendance_register_student,model_op_attendance_register,openeducat_core.group_op_student,1,0,0,0
access_op_attendance_sheet_student,op_attendance_sheet_student,model_op_attendance_sheet,openeducat_core.group_op_student,1,0,0,0
