<?xml version="1.0" encoding="utf-8"?>
<odoo>
    <data noupdate="1">
        <record id="website.default_website" model="website">
            <field name="social_twitter">https://twitter.com/openeducat</field>
            <field name="social_facebook">https://facebook.com/openeducat</field>
            <field name="social_googleplus">https://plus.google.com/+OpenEduCat</field>
            <field name="social_github">https://github.com/openeducat</field>
            <field name="social_youtube">https://youtube.com/channel/UC7HLHTgfsOTE-ueRVNZ4Avg</field>
            <field name="social_linkedin"></field>
        </record>

        <template id="footer_default_openeducat" inherit_id="website.footer_custom" customize_show="True" name="Automatic Footer">
            <xpath expr="//div[hasclass('row')]/div[3]" position="replace">
                <div class="col-lg-4">
                    <h5><span t-field="res_company.name"/><small> - <a href="/aboutus">About us</a></small></h5>
                    <p>OpenEduCat is a product developed by Tech-Receptives Solutions Pvt. Ltd., an expert company focusing in providing unique open source solutions.<br />In due course we accumulated a team of strong, experienced, creative, talented and dedicated engineers and designers.</p>
                    <p>Our products apply unique and powerful technology that helps educational institutes manage, connect, communicate and collaborate effectively among students, teachers and back office.</p>
                </div>
            </xpath>
        </template>
    </data>
</odoo>
